Sample,PC1,PC2,PC3,PC4,PC5,PC6,PC7,PC8,PC9,PC10,PC1_outlier,PC2_outlier,Any_outlier,PC1_flag,PC2_flag
sample-20,45.236285048370384,5.479976350926677,-12.068821385925414,-0.5829014756062113,0.9281466881721344,-5.891853544079527,2.9568643718600613,11.96620041095246,-4.029983375303961,-2.169395371288353,True,False,True,high,normal
sample-22,30.62695643679821,-2.253873968593972,9.206050669667407,32.06887847013641,1.316574585547255,8.328703143931422,0.8188290841857939,-4.578060578430666,1.244957425227074,1.837793742278703,True,False,True,high,normal
sample-23,31.293148297065237,-17.041820048456525,-4.066291773412082,-7.107243452887487,1.8374992567939976,2.067443361432281,-12.215873812334916,5.207803733166099,4.319639988581838,3.2003086513715395,True,False,True,high,normal
sample-25,20.79845469925479,-23.96759575451688,1.6881414477522378,-3.9777095005431926,-2.9367324037462166,-7.636232811749656,-2.1115892121054984,4.9939384755669805,5.605646833417787,-2.7950116082424934,True,True,True,high,low
sample-29,24.054353599919462,12.486996055882672,-34.645925249068476,-12.155602907652304,-4.008397332819672,11.423969155917538,0.9541266647887376,-13.06968012359068,-1.908634821496417,-2.2063078938340053,True,False,True,high,normal
sample-33,17.89846956249762,-21.774582368675816,15.95230416131285,-8.37725286660102,8.322830708077731,-6.562361894633464,7.593808500180957,-9.443089714295656,0.2895154526177965,5.607617771538023,False,True,True,normal,low
sample-37,15.400207899735694,23.000655510674108,14.893143002504962,-5.497449376031561,3.720044793488156,3.875723214138976,17.14856038858393,-1.782636662913271,4.610687472802106,-5.066484280034903,False,True,True,normal,high
